doc_id,category,BLEU,ROUGE-L,OrigIntent_F1,SIM_F1,LLM_Judge
IND_1,Murder,0.17778896670167652,0.26398491514770583,0.10989010989010989,0.7450980392156863,4
IND_2,Murder,0.13754322138888886,0.22689075630252103,0.12500000000000003,0.6352941176470588,4
IND_3,Murder,0.16447379690090366,0.230980751604033,0.09056603773584905,0.6871080139372823,4
IND_4,Murder,0.22072890593212585,0.32587859424920124,0.11428571428571428,0.6981254040077569,4
IND_5,Murder,0.21556550789253365,0.2712082262210797,0.19047619047619047,0.8634505314799673,5
IND_6,Murder,0.186361339706859,0.3062117235345582,0.17536534446764096,0.8,5
IND_7,Murder,0.29779682224219206,0.3870417732310315,0.23076923076923078,0.8,4
IND_8,Murder,0.24730496350236258,0.33271028037383177,0.299137104506232,0.7705779334500875,5
IND_9,Murder,0.34085492438168236,0.43911980440097803,0.2608695652173913,0.841046277665996,5
IND_10,Murder,0.35538780062603786,0.48817966903073284,0.27586206896551724,0.7816091954022987,4
IND_11,Robbery,0.5429643986747955,0.5419354838709678,0.3652173913043478,0.6153846153846154,4
IND_12,Robbery,0.20252880653317504,0.3267838676318511,0.14035087719298245,0.6612641815235007,4
IND_13,Robbery,0.25084746744962766,0.28383705650459923,0.0975609756097561,0.7949526813880127,5
IND_14,Robbery,0.26257841949999394,0.335832083958021,0.16326530612244897,0.785824345146379,4
IND_15,Robbery,0.2536164703355164,0.3750695603784085,0.11359026369168357,0.717391304347826,4
IND_16,Robbery,0.20520022585108752,0.29326287978863935,0.11764705882352942,0.6593406593406592,4
IND_17,Robbery,0.20720015322363172,0.29268292682926833,0.15686274509803919,0.7272727272727274,4
IND_18,Robbery,0.4470569251371815,0.4238287309959665,0.2596537949400799,0.779324055666004,3
IND_19,Robbery,0.1142853504603501,0.17763157894736842,0.07868852459016394,0.7735849056603773,3
IND_20,Robbery,0.29633902108269333,0.43908472479901056,0.2303473491773309,0.6804123711340206,4
IND_21,Land Dispute,0.11753877393858508,0.17223134464513776,0.08859060402684564,0.6591116321479744,3
IND_22,Land Dispute,0.2642976878843116,0.3240223463687151,0.20710059171597633,0.56875,4
IND_23,Land Dispute,0.2218485716735179,0.28776978417266186,0.16666666666666666,0.6246246246246246,4
IND_24,Land Dispute,0.17965989272732358,0.2521207338725587,0.06829268292682927,0.7612456747404844,3
IND_25,Land Dispute,0.23842372638849493,0.47496947496947506,0.20338983050847456,0.8934169278996865,5
IND_26,Land Dispute,0.4215735280635501,0.41148325358851673,0.18872870249017037,0.717391304347826,4
IND_27,Land Dispute,0.5198689202149243,0.5903133903133904,0.29268292682926833,0.684317718940937,4
IND_28,Land Dispute,0.1581146564933278,0.24,0.05934718100890207,0.8140703517587939,4
IND_29,Land Dispute,0.29563999506217287,0.3963279518835074,0.15686274509803919,0.7843137254901961,4
IND_30,Land Dispute,0.18629380069994453,0.2707423580786026,0.12987012987012989,0.7055245818550431,4
IND_31,Corruption,0.22499631501626743,0.28154205607476634,0.18918918918918917,0.738095238095238,4
IND_32,Corruption,0.17412927013341334,0.29101707498144025,0.13513513513513511,0.7243243243243244,4
IND_33,Corruption,0.2846772555003669,0.2986627043090639,0.14545454545454545,0.5901639344262295,4
IND_34,Corruption,0.2395694711229889,0.303921568627451,0.07142857142857142,0.4888888888888888,4
IND_35,Corruption,0.3877041587339473,0.42622950819672123,0.26666666666666666,0.7489711934156379,5
IND_36,Corruption,0.3352683046251485,0.42071197411003236,0.18045112781954886,0.7692307692307693,5
IND_37,Corruption,0.3130824188413996,0.3594884203249222,0.14814814814814817,0.8865435356200527,5
IND_38,Corruption,0.1838452866312209,0.265666372462489,0.08350730688935282,0.65961049957663,4
IND_39,Corruption,0.11602407477105965,0.43300423131170657,0.500595947556615,0.7297297297297298,4
IND_40,Corruption,0.2581811982966205,0.3695345557122708,0.16597510373443983,0.7804878048780488,4
IND_41,Murder,0.26248257611690495,0.3216995447647952,0.17427385892116182,0.7510173880873103,4
IND_42,Murder,0.07566864314411316,0.20887728459530025,0.06451612903225808,0.6075949367088607,4
IND_43,Murder,0.19558628785725163,0.32044198895027626,0.13333333333333333,0.7499999999999999,4
IND_44,Murder,0.20650194487966536,0.2663284717818643,0.11904761904761904,0.6506153023006956,5
IND_45,Murder,0.14548870502906971,0.23516835916622128,0.15652173913043477,0.756,5
IND_46,Murder,0.06015760698946887,0.11764705882352938,0.03550295857988166,0.6899563318777292,5
IND_47,Murder,0.26816069951446464,0.28882833787465934,0.09523809523809525,0.3137254901960785,4
IND_48,Murder,0.2149752659746558,0.2177348551360843,0.1090909090909091,0.628415300546448,5
IND_49,Murder,0.05527742680557862,0.11488511488511488,0.04395604395604396,0.5616724738675958,4
IND_50,Murder,0.2566363843670371,0.34682080924855496,0.18461538461538463,0.7434782608695653,4
IND_51,Land Dispute,0.19311650394040691,0.2470799640610961,0.11944869831546708,0.6787003610108303,3
IND_52,Land Dispute,0.3006442666037974,0.3610223642172524,0.08695652173913043,0.5298013245033112,4
IND_53,Land Dispute,0.28220553392011627,0.4115308151093439,0.163265306122449,0.5801526717557252,4
IND_54,Land Dispute,0.14033495785095168,0.19734345351043645,0.07079646017699116,0.5547445255474452,4
IND_55,Land Dispute,0.2670557626402498,0.29718004338394793,0.1276595744680851,0.7719298245614035,4
IND_56,Robbery,0.30667889436946566,0.38917089678511,0.25,0.4235294117647059,4
IND_57,Robbery,0.27486392100911133,0.2789598108747045,0.10526315789473685,0.5714285714285714,4
IND_58,Robbery,0.24018126753045585,0.35690235690235694,0.08333333333333333,0.5581395348837209,4
IND_59,Robbery,0.4203629716028997,0.4332688588007737,0.2625,0.7241379310344828,4
IND_60,Robbery,0.12618575293797019,0.23066104078762306,0.07142857142857142,0.5,4
IND_61,Robbery,0.4984025568181646,0.5227568270481144,0.2857142857142857,0.7857142857142858,3
IND_62,Robbery,0.11456862658252788,0.19660411081322607,0.11538461538461536,0.6,4
IND_63,Robbery,0.48523842999534783,0.5646551724137931,0.2684563758389262,0.7272727272727273,5
IND_64,Robbery,0.36029674755393737,0.3563770794824399,0.1095890410958904,0.670859538784067,5
IND_65,Robbery,0.09485496098727753,0.2044517724649629,0.04316546762589928,0.7064364207221351,4
IND_66,Corruption,0.04921524673914814,0.08206958073148975,0.044444444444444446,0.7947019867549668,5
IND_67,Corruption,0.00360261247885526,0.01853832442067736,0.0,0.880503144654088,5
IND_68,Corruption,0.012790045921818314,0.02941176470588235,0.0,0.7848101265822784,4
IND_69,Corruption,0.001607580202170913,0.01927710843373494,0.0,0.7659574468085107,4
IND_70,Corruption,0.005809452425794274,0.04532248692620569,0.0,0.8596491228070176,5
IND_71,Corruption,0.2770908855466172,0.3671291355389541,0.1333333333333333,0.6452554744525547,4
IND_72,Corruption,0.020994077068804767,0.03844258255298176,0.0,0.4857142857142857,5
IND_73,Land Dispute,0.007372948000958504,0.01730103806228374,0.02857142857142857,0.8539325842696629,4
IND_74,Land Dispute,0.00224814982993085,0.022535211267605635,0.0,0.7719298245614035,5
IND_75,Land Dispute,0.08728786865715214,0.21511627906976744,0.06451612903225805,0.7777777777777778,4
IND_76,Land Dispute,0.025983430281519736,0.040455120101137804,0.0,0.8235294117647058,4
IND_77,Land Dispute,0.25818350981850124,0.4390243902439024,0.09090909090909093,0.7741935483870968,5
IND_78,Land Dispute,0.3533245424470312,0.3432518597236982,0.10389610389610389,0.7930574098798397,5
IND_79,Land Dispute,0.043413250516231044,0.10311111111111111,0.02816901408450704,0.7710843373493976,5
IND_80,Land Dispute,0.03270512784778609,0.06196213425129087,0.05,0.782608695652174,4
IND_81,Land Dispute,0.008677691169503184,0.0485133020344288,0.0,0.7391304347826086,4
IND_82,Land Dispute,0.06861215093730753,0.10688836104513065,0.0,0.8787878787878788,5
IND_83,Murder,0.039267678521233834,0.15822784810126583,0.0,0.8695652173913044,5
IND_84,Murder,0.10612568531157526,0.2345679012345679,0.06451612903225808,0.7058823529411765,5
IND_85,Murder,0.0407525253816492,0.10240655401945724,0.0,0.8727272727272727,4
IND_86,Murder,0.0331792946986531,0.08083441981747067,0.0,0.7586206896551725,5
IND_87,Murder,0.039151407284930544,0.07197382769901853,0.0,0.7394366197183098,5
IND_88,Murder,0.005835036440380945,0.0881057268722467,0.0,0.7962085308056872,4
IND_89,Murder,0.02401102829577788,0.055555555555555566,0.0,0.8214285714285715,5
IND_90,Murder,0.04016932955484828,0.10384215991692627,0.0,0.7783783783783783,5
IND_91,Murder,0.010358840835594109,0.028409090909090908,0.058823529411764705,0.7533632286995515,4
IND_92,Murder,0.0009420310982156156,0.04020100502512563,0.0,0.3178807947019867,5
IND_93,Robbery,0.020994077068804767,0.03844258255298176,0.0,0.26498422712933756,5
